{
  "globalOptions": {
    "synthType": "triangle",
    "synthTypeSelectIndex": 3,
    "bpm": 140,
    "looping": "true",
    "loopingSelectIndex": 0,
    "shuffle": "true",
    "shuffleSelectIndex": 1
  },
  "activeModules": {
    "freqModule": true,
    "envModule": true,
    "ampModule": false,
    "rhythmModule": true,
    "filterModule": false,
    "effectModule": true
  },
  "frequency": {
    "freqData": "Partei",
    "freqDataSelectIndex": 0,
    "freqMin": 110,
    "freqMax": 220,
    "freqMinData": 1,
    "freqMaxData": 4,
    "freqCustom": null,
    "freqDataValues": [
      1,
      2,
      3,
      4
    ],
    "freqDataValuesNormalised": [
      146.66666666666666,
      146.66666666666666,
      110,
      110,
      183.33333333333331,
      110,
      220,
      110,
      146.66666666666666,
      183.33333333333331,
      146.66666666666666,
      110,
      146.66666666666666,
      220,
      183.33333333333331,
      110,
      146.66666666666666,
      183.33333333333331,
      183.33333333333331,
      110,
      146.66666666666666,
      220,
      110,
      110,
      146.66666666666666,
      110,
      110,
      146.66666666666666,
      146.66666666666666,
      110,
      183.33333333333331,
      110
    ]
  },
  "envelope": {
    "envData": "custom",
    "envDataSelectIndex": 0,
    "envType": "off",
    "envTypeSelectIndex": 2,
    "envMin": null,
    "envMax": null,
    "envMinData": null,
    "envMaxData": null,
    "envCustom": 0.1,
    "envDataValues": [
      0.1,
      0.1,
      0.1,
      0.1
    ],
    "envDataValuesNormalised": [
      0.1,
      0.1,
      0.1,
      0.1,
      0.1,
      0.1,
      0.1,
      0.1,
      0.1,
      0.1,
      0.1,
      0.1,
      0.1,
      0.1,
      0.1,
      0.1,
      0.1,
      0.1,
      0.1,
      0.1,
      0.1,
      0.1,
      0.1,
      0.1,
      0.1,
      0.1,
      0.1,
      0.1,
      0.1,
      0.1,
      0.1,
      0.1
    ]
  },
  "amplitude": {
    "ampData": "custom",
    "ampDataSelectIndex": 0,
    "ampMin": null,
    "ampMax": null,
    "ampMinData": null,
    "ampMaxData": null,
    "ampCustom": 0.2,
    "ampDataValues": [
      0.2,
      0.2,
      0.2,
      0.2
    ],
    "ampDataValuesNormalised": [
      0.2,
      0.2,
      0.2,
      0.2,
      0.2,
      0.2,
      0.2,
      0.2,
      0.2,
      0.2,
      0.2,
      0.2,
      0.2,
      0.2,
      0.2,
      0.2,
      0.2,
      0.2,
      0.2,
      0.2,
      0.2,
      0.2,
      0.2,
      0.2,
      0.2,
      0.2,
      0.2,
      0.2,
      0.2,
      0.2,
      0.2,
      0.2
    ]
  },
  "rhythm": {
    "rhythmData": "Prozente\r",
    "rhythmDataSelectIndex": 2,
    "rhythmStructure": "follow-distribution-custom",
    "rhythmStructureIndex": 3,
    "rhythmMin": null,
    "rhythmMinIndex": 6,
    "rhythmMax": null,
    "rhythmMaxIndex": 6,
    "rhythmMinData": 10,
    "rhythmMaxData": 40,
    "rhythmCustom": 0.125,
    "rhythmCustomIndex": 2,
    "rhythmDataValues": [
      40,
      30,
      20,
      10
    ],
    "rhythmDataValuesNormalised": [
      0.125,
      0.125,
      0.125,
      0.125,
      0.125,
      0.125,
      0.125,
      0.125,
      0.125,
      0.125,
      0.125,
      0.125,
      0.125,
      0.125,
      0.125,
      0.125,
      0.125,
      0.125,
      0.125,
      0.125,
      0.125,
      0.125,
      0.125,
      0.125,
      0.125,
      0.125,
      0.125,
      0.125,
      0.125,
      0.125,
      0.125,
      0.125
    ]
  },
  "filter": {
    "filterData": "custom",
    "filterDataSelectIndex": 0,
    "filterType": "allpass",
    "filterTypeSelectIndex": 0,
    "filterMin": null,
    "filterMax": null,
    "filterMinData": null,
    "filterMaxData": null,
    "filterCustom": 400,
    "filterDataValues": [
      400,
      400,
      400,
      400
    ],
    "filterDataValuesNormalised": [
      400,
      400,
      400,
      400,
      400,
      400,
      400,
      400,
      400,
      400,
      400,
      400,
      400,
      400,
      400,
      400,
      400,
      400,
      400,
      400,
      400,
      400,
      400,
      400,
      400,
      400,
      400,
      400,
      400,
      400,
      400,
      400
    ]
  },
  "effects": {
    "fxData": "Partei",
    "fxDataSelectIndex": 1,
    "fxType": "pan",
    "fxTypeSelectIndex": 3,
    "fxMin": 0,
    "fxMax": 1,
    "fxMinData": 1,
    "fxMaxData": 4,
    "fxCustom": null,
    "fxDataValues": [
      1,
      2,
      3,
      4
    ],
    "fxDataValuesNormalised": [
      0.3333333333333333,
      0.3333333333333333,
      0,
      0,
      0.6666666666666666,
      0,
      1,
      0,
      0.3333333333333333,
      0.6666666666666666,
      0.3333333333333333,
      0,
      0.3333333333333333,
      1,
      0.6666666666666666,
      0,
      0.3333333333333333,
      0.6666666666666666,
      0.6666666666666666,
      0,
      0.3333333333333333,
      1,
      0,
      0,
      0.3333333333333333,
      0,
      0,
      0.3333333333333333,
      0.3333333333333333,
      0,
      0.6666666666666666,
      0
    ]
  },
  "rawdata": [
    {
      "Partei": 1,
      "Prozente\r": 40
    },
    {
      "Partei": 2,
      "Prozente\r": 30
    },
    {
      "Partei": 3,
      "Prozente\r": 20
    },
    {
      "Partei": 4,
      "Prozente\r": 10
    }
  ]
}